{"cameraMode":{"drawMode":0,"name":"Shaded","section":"Shading Mode"},"sceneLighting":true,"audioPlay":false,"sceneViewState":{"m_AlwaysRefresh":false,"showFog":true,"showSkybox":true,"showFlares":true,"showImageEffects":true,"showParticleSystems":true,"showVisualEffectGraphs":true,"m_FxEnabled":true},"in2DMode":false,"pivot":{"x":0.13697558641433717,"y":0.5627948641777039,"z":-0.6238322257995606},"rotation":{"x":0.01900491863489151,"y":0.9780716300010681,"z":-0.10338275134563446,"w":0.179799422621727},"size":1.0095157623291016,"orthographic":false}